{
  "output_size": 1,
  "device_type": "cuda:0",
  "encoder_embedding_size": 50,
  "encoder_bidirectional": false,
  "encoder_layers": 1,
  "encoder_cell_type": "gru",
  "encoder_variable_length": false,
  "encoder_hidden_size": 16,
  "encoder_dropout_probability": 0.1,
  "encoder_type": "onehot",
  "encoder_num_words": 100,
  "decoder_bidirectional": false,
  "decoder_layers": 1,
  "decoder_cell_type": "gru",
  "decoder_variable_length": false,
  "decoder_hidden_size": 256,
  "decoder_dropout_probability": 0.1,
  "decoder_iterative": false,
  "decoder_type": "gru",
  "decoder_rollout": true,
  "cv_visual_dims": [
    1,
    256,
    64,
    64
  ],
  "out_linear": 256,
  "out_decoder": 256,
  "fc_final_dims": [
    256,
    64,
    1
  ],
  "onehot_dims": [
    3,
    16,
    16
  ],
  "update_word_embedding": true,
  "update_visual_embedding": true,
  "model_type": "se",
  "model_level": "low",
  "is_control": false,
  "use_ranging_functions": true,
  "batch_norm_type": "none",
  "attention_type": "luong",
  "use_glove_embedding": true,
  "grouped_batch": true,
  "use_history": true,
  "history_size": 64,
  "image_type": "d",
  "subtrajectory": false,
  "max_data_length": 20,
  "use_low_level_segment": false,
  "high_level_segment_cut_ratio": 0.5,
  "include_lane_follow": false,
  "balance_label": true,
  "single_label": "",
  "use_multi_cam": true,
  "has_clusters": true,
  "use_sequence": true,
  "scheduled_sampling": true,
  "scheduled_iteration": 200000,
  "use_color_jitter": false,
  "color_jitter_range": 0.1,
  "color_jitter_probability": 0.5,
  "inject_noise": false,
  "noise_type": "normal",
  "noise_std": 0.1,
  "noise_interval": 10,
  "noise_duration": 2,
  "noise_max_steer": 0.1,
  "lr_step": 20000,
  "lr_rate": 0.5,
  "lr_init": 0.0003,
  "loss_type": "l1",
  "optimizer_type": "adam",
  "print_every": 10,
  "valid_every": 1,
  "epoch": 0,
  "step": -1,
  "max_grad_norm": 1.0,
  "num_epoch": 200000,
  "loss_weight_type": "none",
  "loss_weight_min": 0.0,
  "loss_weight_max": 1.0,
  "dataset_data_names": [
    "semantic1"
  ],
  "dataset_info_names": [
    "semantic1-v35"
  ],
  "dataset_data_probs": [
    1.0
  ],
  "random_seed": 0,
  "batch_size": 64,
  "num_workers": 8,
  "split_train": false,
  "train_ratio": 0.9,
  "shuffle": true,
  "debug": false,
  "exp_name": "stop-town1-ls",
  "exp_index": 40,
  "eval_keyword": "left",
  "eval_timestamp": 1557967689321614,
  "eval_data_name": "",
  "eval_info_name": ""
}